<library path="lib/libmavros_plugins">
	<!--<class name="dummy" type="mavplugin::DummyPlugin" base_class_type="mavplugin::MavRosPlugin">
		<description>Dummy test plugin.</description>
	</class>-->
	<class name="sys_status" type="mavplugin::SystemStatusPlugin" base_class_type="mavplugin::MavRosPlugin">
		<description>Publish system status.</description>
	</class>
	<class name="imu_pub" type="mavplugin::IMUPubPlugin" base_class_type="mavplugin::MavRosPlugin">
		<description>Publish IMU data.</description>
	</class>
	<class name="param" type="mavplugin::ParamPlugin" base_class_type="mavplugin::MavRosPlugin">
		<description>Access to FCU parameters.</description>
	</class>
	<class name="waypoint" type="mavplugin::WaypointPlugin" base_class_type="mavplugin::MavRosPlugin">
		<description>Access to FCU mission.</description>
	</class>
	<class name="rc_io" type="mavplugin::RCIOPlugin" base_class_type="mavplugin::MavRosPlugin">
		<description>Publish RC IO state.</description>
	</class>
	<class name="command" type="mavplugin::CommandPlugin" base_class_type="mavplugin::MavRosPlugin">
		<description>Send commands to FCU.</description>
	</class>
	<class name="local_position" type="mavplugin::LocalPositionPlugin" base_class_type="mavplugin::MavRosPlugin">
		<description>Publish FCU local position.</description>
	</class>
	<class name="global_position" type="mavplugin::GlobalPositionPlugin" base_class_type="mavplugin::MavRosPlugin">
		<description>Publish FCU fused global position and raw GPS fix.</description>
	</class>
	<class name="setpoint_position" type="mavplugin::SetpointPositionPlugin" base_class_type="mavplugin::MavRosPlugin">
		<description>Send to FCU external position setpoint.</description>
	</class>
	<class name="safety_area" type="mavplugin::SafetyAreaPlugin" base_class_type="mavplugin::MavRosPlugin">
		<description>Send to FCU safety allowed area.</description>
	</class>
	<class name="3dr_radio" type="mavplugin::TDRRadioPlugin" base_class_type="mavplugin::MavRosPlugin">
		<description>Publish 3DR Radio modem status.</description>
	</class>
	<class name="setpoint_velocity" type="mavplugin::SetpointVelocityPlugin" base_class_type="mavplugin::MavRosPlugin">
		<description>Send to FCU external velocity setpoint.</description>
	</class>
	<class name="setpoint_accel" type="mavplugin::SetpointAccelerationPlugin" base_class_type="mavplugin::MavRosPlugin">
		<description>Send to FCU external acceleration/force setpoint.</description>
	</class>
	<class name="setpoint_attitude" type="mavplugin::SetpointAttitudePlugin" base_class_type="mavplugin::MavRosPlugin">
		<description>Send to FCU external attitude setpoint.</description>
	</class>
	<class name="vfr_hud" type="mavplugin::VfrHudPlugin" base_class_type="mavplugin::MavRosPlugin">
		<description>Publish VFR HUD data and WIND estimations.</description>
	</class>
	<class name="ftp" type="mavplugin::FTPPlugin" base_class_type="mavplugin::MavRosPlugin">
		<description>Access to files on FCU via MAVLink-FTP.</description>
	</class>
	<class name="sys_time" type="mavplugin::SystemTimePlugin" base_class_type="mavplugin::MavRosPlugin">
		<description>Synchronise clocks with FCU.</description>
	</class>
	<class name="actuator_control" type="mavplugin::ActuatorControlPlugin" base_class_type="mavplugin::MavRosPlugin">
		<description>Send direct controls values to the actuators</description>
	</class>
	<class name="manual_control" type="mavplugin::ManualControlPlugin" base_class_type="mavplugin::MavRosPlugin">
		<description>Publish manual control values</description>
	</class>
</library>

